生年,名前,分類
2005,後藤啓介,サッカー選手・OB
2003,古川陽介,サッカー選手・OB
2002,角コウシロウ,サッカー選手・OB
2001,久保建英,サッカー選手・OB
2000,池江璃花子,スポーツ選手
1998,広瀬すず,女優
1998,堂安律,サッカー選手・OB
1997,小川航基,サッカー選手・OB
1997,三笘薫,サッカー選手・OB
1997,長谷川唯,サッカー選手・OB
1996,上原力也,サッカー選手・OB
1995,守田英正,サッカー選手・OB
1995,川辺駿,サッカー選手・OB
1994,浅野拓磨,サッカー選手・OB
1993,遠藤航,サッカー選手・OB
1992,宇佐美貴史,サッカー選手・OB
1992,柴崎岳,サッカー選手・OB
1992,ネイマール,サッカー選手・OB
1991,小川大貴,サッカー選手・OB
1991,ペクソンドン,サッカー選手・OB
1990,アダイウトン,サッカー選手・OB
1990,カミンスキー,サッカー選手・OB
1990,大迫勇也,サッカー選手・OB
1989,川又堅碁,サッカー選手・OB
1988,山田大記,サッカー選手・OB
1988,内田篤人,サッカー選手・OB
1988,吉田麻也,サッカー選手・OB
1987,メッシ,サッカー選手・OB
1987,槙野智章,サッカー選手・OB
1986,長友佑都,サッカー選手・OB
1986,本田圭佑,サッカー選手・OB
1986,家長,サッカー選手・OB
1985,クリロナ,サッカー選手・OB
1983,川島永嗣,サッカー選手・OB
1983,今野泰幸,サッカー選手・OB
1982,ジェイ,サッカー選手・OB
1981,前田遼一,サッカー選手・OB
1980,遠藤保仁,サッカー選手・OB
1980,ロナウジーニョ,サッカー選手・OB
1979,稲本潤一,サッカー選手・OB
1979,中田浩二,サッカー選手・OB
1978,中村俊輔,サッカー選手・OB
1977,中田英寿,サッカー選手・OB
1976,福西崇史,サッカー選手・OB
1975,城彰二,サッカー選手・OB
1972,名波浩,サッカー選手・OB
1971,藤田俊哉,サッカー選手・OB
1968,森保一,サッカー選手・OB
1967,三浦知良,サッカー選手・OB
1967,中山雅史,サッカー選手・OB
1958,山本昌邦,サッカー選手・OB
1955,トルシエ,サッカー選手・OB
1953,ジーコ,サッカー選手・OB
1941,オシム,サッカー選手・OB
